<?xml version="1.0" encoding="utf-8"?>
<dublin_core schema="dc">

    <!-- dc.contributor.author = Student -->
    <dcvalue element="contributor" qualifier="author">
        Alicea, Jonathan
    </dcvalue>

    <!-- dc.title = Document Title -->
        <dcvalue element="title">
        WE ONCE SPOKE A Post-Apocalyptic Play in Two Parts
    </dcvalue>
    
    <!-- dc.description.abstract = Document Abstract -->
    
        <!-- dc.contributor.advisor = -->
    <dcvalue element="contributor" qualifier="advisor">
        Sandberg, R. N.
    </dcvalue>
    
    <!-- dc.date.created = Submission date in "YYYY-MM-dd" format -->
        <dcvalue element="date" qualifier="created">
        2020-06-02
    </dcvalue>
    
    <!-- dc.format.mimetype = Primary Document's mimetype, almost always "application/pdf" -->
        <dcvalue element="format" qualifier="mimetype">
        application/pdf
    </dcvalue>
    
    <!-- dc.language.iso = Document Language -->
        <dcvalue element="language" qualifier="iso">en</dcvalue>
    
    <!-- dc.type.material = "Princeton University Senior Theses" /constant-->
    <dcvalue element="type">Princeton University Senior Theses</dcvalue>

    <!-- dc.description.provenance = License Agreement Date -->
        <dcvalue element="description" qualifier="provenance">
        The student, Jonathan Alicea, accepted the attached license on 2020-06-02 at 14:32.
    </dcvalue>
    
    <!-- dc.description.provenance = Submission Date -->
        <dcvalue element="description" qualifier="provenance">
        The student, Jonathan Alicea, submitted this thesis for approval on 2020-06-02 at 14:33.
    </dcvalue>
    
    <!-- dc.description.provenance = Approval Date -->
    
    <!-- dc.description.provenance = Statement about when this package was generated. -->
    <dcvalue element="description" qualifier="provenance">
        DSpace METS Submission Ingestion Package generated from Vireo submission #10644 on 2020-06-24 at 13:34:28
    </dcvalue>

</dublin_core>
