<?xml version="1.0" encoding="utf-8"?>
<dublin_core schema="dc">

    <!-- dc.contributor.author = Student -->
    <dcvalue element="contributor" qualifier="author">
        Bailey, Caroline
    </dcvalue>

    <!-- dc.title = Document Title -->
        <dcvalue element="title">
        My English Dept. Thesis (Example UPA Upload)
    </dcvalue>
    
    <!-- dc.description.abstract = Document Abstract -->
    
        <!-- dc.contributor.advisor = -->
    <dcvalue element="contributor" qualifier="advisor">
        DiBattista, Maria
    </dcvalue>
    
    <!-- dc.date.created = Submission date in "YYYY-MM-dd" format -->
    
    <!-- dc.format.mimetype = Primary Document's mimetype, almost always "application/pdf" -->
        <dcvalue element="format" qualifier="mimetype">
        application/pdf
    </dcvalue>
    
    <!-- dc.language.iso = Document Language -->
        <dcvalue element="language" qualifier="iso">en</dcvalue>
    
    <!-- dc.type.material = "Princeton University Senior Theses" /constant-->
    <dcvalue element="type">Princeton University Senior Theses</dcvalue>

    <!-- dc.description.provenance = License Agreement Date -->
    
    <!-- dc.description.provenance = Submission Date -->
    
    <!-- dc.description.provenance = Approval Date -->
    
    <!-- dc.description.provenance = Statement about when this package was generated. -->
    <dcvalue element="description" qualifier="provenance">
        DSpace METS Submission Ingestion Package generated from Vireo submission #10676 on 2020-06-24 at 13:34:28
    </dcvalue>

</dublin_core>
